,Faithfulness,Robustness,Complexity,Randomisation
Saliency,0.18407717190056108,0.13728620863403196,0.8393500467684665,0.7254214528191715
IntegratedGradients,-0.45458525916748205,0.21293747855702772,0.7983824293532851,0.7124620609118821
GuidedGradCam,0.403841038053672,0.14081334770926332,0.917226968109579,
