,Faithfulness,Robustness,Complexity,Randomisation
Saliency,0.026491987329854604,,0.6848987083601803,
IntegratedGradients,-0.21929612775807847,,0.6170469201326818,
GuidedGradCam,,,0.6922278638010637,
DeepLift,-0.23668051173626617,,0.6271285212379094,
InputXGradient,-0.20505703286358073,,0.6081635796730367,
Occlusion,-0.03069760331637518,,0.3364297707913595,
