,Faithfulness,Robustness,Complexity,Randomisation
Saliency,0.30404914036567604,,0.8393515377784301,
IntegratedGradients,-0.45458107485967997,,0.798382252403121,
GuidedGradCam,0.4038374022488622,,0.9172269504613729,
DeepLift,-0.47456668662965285,,0.8092640435188188,
InputXGradient,-0.4777788405380408,,0.7932008067544614,
Occlusion,-0.04140823221228205,,0.5031475061554064,
