,Faithfulness,Robustness,Complexity,Randomisation
Saliency,0.07185490108513308,,0.8393498318563601,
IntegratedGradients,-0.45458691837358467,,0.7983824605255403,
GuidedGradCam,0.4038458095374209,,0.9172272504120024,
DeepLift,-0.47456678619488635,,0.8092640233743464,
InputXGradient,-0.47777357456788533,,0.7932002106782914,
Occlusion,-0.04140823221228205,,0.5031475061554064,
