{
    "training_history": {
        "train_loss": [
            4.37073733105379,
            2.204434700573192,
            2.0909526095670814,
            1.957468001982745,
            1.6907640863867368,
            1.330357246539172,
            1.0071397150264068,
            0.7853615157744464,
            0.4662172229850993,
            0.4595544020919239,
            0.3051223460365744,
            0.22331217163625885,
            0.16141952917198923,
            0.15611180519575582,
            0.17595590323154978,
            0.1396456797271693,
            0.18341994709609186,
            0.14323200828888838,
            0.14414019682170714,
            0.11123632002375362,
            0.1132775127353585,
            0.1783868341062985,
            0.10223124325823257,
            0.13510048916761982,
            0.05591214459896839,
            0.057926963080599844,
            0.06844053158028922,
            0.03123656720009047,
            0.040910871391165796,
            0.11879409947834896,
            0.11460574648911408,
            0.08883950529715923,
            0.07466763108186034,
            0.06945242180355468,
            0.0697405184242705,
            0.08622475154395622,
            0.06755073083169169,
            0.041656289294598324,
            0.1458575968416613,
            0.0616062920450772,
            0.044873832068650525,
            0.06247248891908224,
            0.07385540140651703,
            0.07679617836682369,
            0.03297923193992694,
            0.15017932929670624,
            0.04956133945377266,
            0.04937364175536512,
            0.07840469527699871,
            0.10923701681906951
        ],
        "train_acc": [
            0.11333333333333333,
            0.12148148148148148,
            0.19037037037037038,
            0.2311111111111111,
            0.3488888888888889,
            0.52,
            0.6503703703703704,
            0.7459259259259259,
            0.8444444444444444,
            0.8596296296296296,
            0.9044444444444445,
            0.9311111111111111,
            0.9518518518518518,
            0.9518518518518518,
            0.9437037037037037,
            0.96,
            0.9474074074074074,
            0.9611111111111111,
            0.9533333333333334,
            0.9725925925925926,
            0.965925925925926,
            0.9540740740740741,
            0.9677777777777777,
            0.9629629629629629,
            0.9811111111111112,
            0.9803703703703703,
            0.9814814814814815,
            0.9885185185185185,
            0.9859259259259259,
            0.9707407407407408,
            0.97,
            0.9751851851851852,
            0.9762962962962963,
            0.9811111111111112,
            0.9814814814814815,
            0.9733333333333334,
            0.9837037037037037,
            0.9888888888888889,
            0.965925925925926,
            0.9811111111111112,
            0.9885185185185185,
            0.9829629629629629,
            0.9725925925925926,
            0.9822222222222222,
            0.9892592592592593,
            0.9666666666666667,
            0.9881481481481481,
            0.9877777777777778,
            0.9814814814814815,
            0.9740740740740741
        ],
        "val_loss": [
            2.195760414518159,
            2.132438536348014,
            1.972916134472551,
            1.8453613067495411,
            1.5408687057166264,
            0.9707523872112406,
            0.8034777672126375,
            0.5495318452153226,
            0.5055287593225738,
            0.49337070561554797,
            0.2957839755141667,
            0.30790337602254647,
            0.14186224544316467,
            0.2930063223265561,
            0.2293409912501751,
            0.24795100219740435,
            0.14088306639289308,
            0.20134413198182552,
            0.18254209341930933,
            0.14673007706758276,
            0.2524150754324974,
            0.248376761197819,
            0.12855624986796416,
            0.12632415479988438,
            0.11680243014457355,
            0.21919820774788323,
            0.10315262191428748,
            0.11450485087096177,
            0.18180175078549798,
            0.36411128241311885,
            0.09054676164484182,
            0.15679955033681772,
            0.20232646327631615,
            0.28308330433541695,
            0.1622035996867986,
            0.12376469433215294,
            0.14872128704305868,
            0.1309976144391875,
            0.11786323558784527,
            0.17296837701096907,
            0.20247402910623846,
            0.1563958946413738,
            0.1625112550288483,
            0.128274167872311,
            0.2858764693112256,
            0.10259051567845745,
            0.17982395164961354,
            0.15239144437785807,
            0.10958980233221907,
            0.16824899627430695
        ],
        "val_acc": [
            0.1622222222222222,
            0.19,
            0.2688888888888889,
            0.2866666666666667,
            0.4222222222222222,
            0.6555555555555556,
            0.7233333333333334,
            0.8144444444444444,
            0.8422222222222222,
            0.84,
            0.9033333333333333,
            0.9,
            0.9511111111111111,
            0.9088888888888889,
            0.9322222222222222,
            0.9277777777777778,
            0.9588888888888889,
            0.9388888888888889,
            0.9433333333333334,
            0.96,
            0.9555555555555556,
            0.9288888888888889,
            0.96,
            0.9711111111111111,
            0.9722222222222222,
            0.9466666666666667,
            0.9711111111111111,
            0.97,
            0.9733333333333334,
            0.92,
            0.9833333333333333,
            0.9722222222222222,
            0.9555555555555556,
            0.9644444444444444,
            0.9611111111111111,
            0.9688888888888889,
            0.9666666666666667,
            0.9788888888888889,
            0.9755555555555555,
            0.95,
            0.9611111111111111,
            0.9677777777777777,
            0.9655555555555555,
            0.9588888888888889,
            0.96,
            0.9755555555555555,
            0.97,
            0.97,
            0.9777777777777777,
            0.9677777777777777
        ]
    },
    "test_metrics": {
        "loss": 0.07815506505771894,
        "accuracy": 0.9811111111111112,
        "classification_report": "              precision    recall  f1-score   support\n\n           1       1.00      0.90      0.95       100\n           2       0.94      1.00      0.97       100\n           3       1.00      1.00      1.00       100\n           4       0.98      0.98      0.98       100\n           5       1.00      0.97      0.98       100\n           6       0.97      1.00      0.99       100\n           7       0.98      0.99      0.99       100\n           8       0.98      1.00      0.99       100\n           9       0.98      0.99      0.99       100\n\n    accuracy                           0.98       900\n   macro avg       0.98      0.98      0.98       900\nweighted avg       0.98      0.98      0.98       900\n"
    },
    "model_params": {
        "architecture": "AlexNetSmall",
        "input_channels": 1,
        "num_classes": 10,
        "optimizer": "Adam",
        "learning_rate": 0.001,
        "batch_size": 32,
        "num_epochs": 50
    },
    "preprocessing_params": {
        "sr": 16000,
        "duration": 1.0,
        "n_mels_high": 128,
        "n_mels_low": 32,
        "time_steps_high": 128,
        "time_steps_low": 32
    },
    "timestamp": "2025-04-28_22-29-05"
}