,Faithfulness,Robustness,Complexity,Randomisation
Saliency,0.17626169569295264,,0.8393484149662188,
IntegratedGradients,-0.4545836235105792,,0.7983826787256152,
GuidedGradCam,0.4038402088326577,,0.9172265705474735,
DeepLift,-0.474566833401375,,0.8092640386089902,
InputXGradient,-0.4777713041066742,,0.7932023481724895,
Occlusion,-0.04140823221228205,,0.5031475061554064,
