{
    "Saliency": {
        "Faithfulness": 0.09716014234590112,
        "Robustness": null,
        "Complexity": 0.839348919431071,
        "Randomisation": null
    },
    "IntegratedGradients": {
        "Faithfulness": -0.4545838283680873,
        "Robustness": null,
        "Complexity": 0.7983820943046613,
        "Randomisation": null
    },
    "GuidedGradCam": {
        "Faithfulness": 0.4038341805393867,
        "Robustness": null,
        "Complexity": 0.9172263506677971,
        "Randomisation": null
    },
    "DeepLift": {
        "Faithfulness": -0.4745667849742863,
        "Robustness": null,
        "Complexity": 0.8092640306936907,
        "Randomisation": null
    },
    "InputXGradient": {
        "Faithfulness": -0.47777850180386205,
        "Robustness": null,
        "Complexity": 0.7932017220665558,
        "Randomisation": null
    },
    "Occlusion": {
        "Faithfulness": -0.04140823221228205,
        "Robustness": null,
        "Complexity": 0.5031475061554064,
        "Randomisation": null
    }
}