{
    "Saliency": {
        "Faithfulness": 0.21966750093793713,
        "Robustness": null,
        "Complexity": 0.839350293322535,
        "Randomisation": null
    },
    "IntegratedGradients": {
        "Faithfulness": -0.45458486609190046,
        "Robustness": null,
        "Complexity": 0.7983824090273908,
        "Randomisation": null
    },
    "GuidedGradCam": {
        "Faithfulness": 0.40383429045217456,
        "Robustness": null,
        "Complexity": 0.9172270100204307,
        "Randomisation": null
    },
    "DeepLift": {
        "Faithfulness": -0.4745667681246235,
        "Robustness": null,
        "Complexity": 0.8092640350173421,
        "Randomisation": null
    },
    "InputXGradient": {
        "Faithfulness": -0.47778579892342465,
        "Robustness": null,
        "Complexity": 0.7932009044824258,
        "Randomisation": null
    },
    "Occlusion": {
        "Faithfulness": -0.04140823221228205,
        "Robustness": null,
        "Complexity": 0.5031475061554064,
        "Randomisation": null
    }
}