,Faithfulness,Robustness,Complexity,Randomisation
Saliency,0.09716014234590112,,0.839348919431071,
IntegratedGradients,-0.4545838283680873,,0.7983820943046613,
GuidedGradCam,0.4038341805393867,,0.9172263506677971,
DeepLift,-0.4745667849742863,,0.8092640306936907,
InputXGradient,-0.47777850180386205,,0.7932017220665558,
Occlusion,-0.04140823221228205,,0.5031475061554064,
