,Faithfulness,Robustness,Complexity,Randomisation
Saliency,0.21966750093793713,,0.839350293322535,
IntegratedGradients,-0.45458486609190046,,0.7983824090273908,
GuidedGradCam,0.40383429045217456,,0.9172270100204307,
DeepLift,-0.4745667681246235,,0.8092640350173421,
InputXGradient,-0.47778579892342465,,0.7932009044824258,
Occlusion,-0.04140823221228205,,0.5031475061554064,
