{
    "Saliency": {
        "Faithfulness": 0.17626169569295264,
        "Robustness": null,
        "Complexity": 0.8393484149662188,
        "Randomisation": null
    },
    "IntegratedGradients": {
        "Faithfulness": -0.4545836235105792,
        "Robustness": null,
        "Complexity": 0.7983826787256152,
        "Randomisation": null
    },
    "GuidedGradCam": {
        "Faithfulness": 0.4038402088326577,
        "Robustness": null,
        "Complexity": 0.9172265705474735,
        "Randomisation": null
    },
    "DeepLift": {
        "Faithfulness": -0.474566833401375,
        "Robustness": null,
        "Complexity": 0.8092640386089902,
        "Randomisation": null
    },
    "InputXGradient": {
        "Faithfulness": -0.4777713041066742,
        "Robustness": null,
        "Complexity": 0.7932023481724895,
        "Randomisation": null
    },
    "Occlusion": {
        "Faithfulness": -0.04140823221228205,
        "Robustness": null,
        "Complexity": 0.5031475061554064,
        "Randomisation": null
    }
}