{
    "training_history": {
        "train_loss": [
            0.36760530083300547,
            0.11454761413830905,
            0.10189109934487109,
            0.08377414969376089,
            0.07496728410084082,
            0.07452389465015222,
            0.06773984809967835,
            0.06259409103955144,
            0.06314681909494083,
            0.05786290221696141,
            0.06235901960344101,
            0.062263199081982745,
            0.057089270873741195,
            0.05737345596143268,
            0.05683417595174867,
            0.060296714775762365,
            0.06296111211292067,
            0.05643918814887531,
            0.06250116443819473,
            0.0634543126387801,
            0.05704503363801416,
            0.06605883588541049,
            0.053108648256152115,
            0.052729424837506506,
            0.056884778293029264,
            0.05532493275208778,
            0.055941278925105406,
            0.04468858086702673,
            0.05159795146297217,
            0.05347490236287631,
            0.05927744577071585,
            0.05020061269491193,
            0.08108779146715324,
            0.04424744739772722,
            0.055546243431109095,
            0.06689453674948066,
            0.05993278253063492,
            0.04560263175985811,
            0.05537148689805066,
            0.13071925450841976,
            0.06414597932379862,
            0.16510245146566277,
            0.11277848199564597,
            0.06019093598922092,
            0.0511306917404319,
            0.09948346056763643,
            0.06978243509573713,
            0.13058192705865765,
            0.06634551051106374,
            0.06343656388238453
        ],
        "train_acc": [
            0.8774791666666667,
            0.9692916666666667,
            0.9734791666666667,
            0.9781875,
            0.9795,
            0.9803333333333333,
            0.982,
            0.9829375,
            0.983625,
            0.9846875,
            0.9834375,
            0.9836875,
            0.9853333333333333,
            0.9853541666666666,
            0.9855208333333333,
            0.9851875,
            0.984125,
            0.9860833333333333,
            0.9840833333333333,
            0.9838333333333333,
            0.9858958333333333,
            0.9850625,
            0.9864375,
            0.9867083333333333,
            0.9868333333333333,
            0.9874166666666667,
            0.9859375,
            0.9887291666666667,
            0.9878958333333333,
            0.9877291666666667,
            0.9856666666666667,
            0.9882083333333334,
            0.9822916666666667,
            0.9890416666666667,
            0.9871458333333333,
            0.9845208333333333,
            0.9873125,
            0.9889375,
            0.9878333333333333,
            0.97625,
            0.9848958333333333,
            0.981375,
            0.9752083333333333,
            0.985625,
            0.9888333333333333,
            0.9825416666666666,
            0.9847916666666666,
            0.975875,
            0.9857916666666666,
            0.9873333333333333
        ],
        "val_loss": [
            0.11080001408676617,
            0.1303161070626229,
            0.08830748476833106,
            0.09640236553684371,
            0.06206706924837393,
            0.05241650315640921,
            0.08887357617511103,
            0.05747737155473442,
            0.05470381872645036,
            0.062420054024623826,
            0.06363848777387587,
            0.0659758446498727,
            0.06174476249704253,
            0.05635826156327191,
            0.06162745826924451,
            0.055253542455371035,
            0.060241335979228705,
            0.0812320390220375,
            0.06829741860655486,
            0.05689992627965057,
            0.06825629102304212,
            0.06385908866114233,
            0.05946991965196988,
            0.05303805078392179,
            0.059879032161161985,
            0.08444915161886214,
            0.0725740344342216,
            0.058360820184878925,
            0.06649831157994655,
            0.07038686226400023,
            0.07717775134034915,
            0.11918123129974507,
            0.05711774257366354,
            0.06862626578754975,
            0.057062645626348364,
            0.05485733779329227,
            0.05677333633442083,
            0.0764352046743698,
            0.05359668398749636,
            0.08719093183628865,
            0.062023266443162195,
            0.1220067979771799,
            0.07367026854137748,
            0.06120481010189421,
            0.06393607459899416,
            0.11512152984966087,
            0.05897382028789635,
            0.06141807665874372,
            0.0834064171621867,
            0.12753957891399992
        ],
        "val_acc": [
            0.9710833333333333,
            0.9708333333333333,
            0.9760833333333333,
            0.9783333333333334,
            0.98275,
            0.9885,
            0.979,
            0.9841666666666666,
            0.9855,
            0.9841666666666666,
            0.9840833333333333,
            0.9863333333333333,
            0.9835,
            0.9856666666666667,
            0.9870833333333333,
            0.9870833333333333,
            0.9866666666666667,
            0.984,
            0.9850833333333333,
            0.9864166666666667,
            0.98575,
            0.9868333333333333,
            0.98725,
            0.989,
            0.98575,
            0.98175,
            0.9861666666666666,
            0.9873333333333333,
            0.9835,
            0.9840833333333333,
            0.9829166666666667,
            0.9765833333333334,
            0.988,
            0.9885,
            0.98825,
            0.9859166666666667,
            0.98675,
            0.98825,
            0.9884166666666667,
            0.9805833333333334,
            0.9880833333333333,
            0.9763333333333334,
            0.9846666666666667,
            0.9874166666666667,
            0.9893333333333333,
            0.9775833333333334,
            0.9883333333333333,
            0.9873333333333333,
            0.9853333333333333,
            0.9741666666666666
        ]
    },
    "test_metrics": {
        "loss": 0.0560090709351013,
        "accuracy": 0.989,
        "classification_report": "              precision    recall  f1-score   support\n\n           0       0.99      1.00      0.99       980\n           1       0.99      0.99      0.99      1135\n           2       0.98      1.00      0.99      1032\n           3       0.99      0.99      0.99      1010\n           4       0.98      0.99      0.99       982\n           5       0.98      0.99      0.99       892\n           6       0.99      0.99      0.99       958\n           7       0.99      0.99      0.99      1028\n           8       1.00      0.99      0.99       974\n           9       0.98      0.98      0.98      1009\n\n    accuracy                           0.99     10000\n   macro avg       0.99      0.99      0.99     10000\nweighted avg       0.99      0.99      0.99     10000\n"
    },
    "model_params": {
        "architecture": "AlexNet",
        "input_channels": 1,
        "num_classes": 10,
        "optimizer": "Adam",
        "learning_rate": 0.001,
        "batch_size": 32,
        "num_epochs": 50
    },
    "preprocessing_params": {
        "resize": [
            128,
            128
        ]
    },
    "timestamp": "2025-04-19_02-43-48"
}