{
    "Saliency": {
        "Faithfulness": 0.005448668058829303,
        "Robustness": null,
        "Complexity": 0.6848987087268213,
        "Randomisation": null
    },
    "IntegratedGradients": {
        "Faithfulness": -0.26622489639406083,
        "Robustness": null,
        "Complexity": 0.6975000328623548,
        "Randomisation": null
    },
    "GuidedGradCam": {
        "Faithfulness": NaN,
        "Robustness": null,
        "Complexity": 0.6922278638848335,
        "Randomisation": null
    },
    "DeepLift": {
        "Faithfulness": -0.23668051173626617,
        "Robustness": null,
        "Complexity": 0.6271285212379094,
        "Randomisation": null
    },
    "InputXGradient": {
        "Faithfulness": -0.20505702408892018,
        "Robustness": null,
        "Complexity": 0.6081635794803292,
        "Randomisation": null
    },
    "Occlusion": {
        "Faithfulness": -0.03069760331637518,
        "Robustness": null,
        "Complexity": 0.3364297707913595,
        "Randomisation": null
    }
}