,Faithfulness,Robustness,Complexity,Randomisation
Saliency,0.005448668058829303,,0.6848987087268213,
IntegratedGradients,-0.26622489639406083,,0.6975000328623548,
GuidedGradCam,,,0.6922278638848335,
DeepLift,-0.23668051173626617,,0.6271285212379094,
InputXGradient,-0.20505702408892018,,0.6081635794803292,
Occlusion,-0.03069760331637518,,0.3364297707913595,
