,Faithfulness,Robustness,Complexity,Randomisation
Saliency,0.10181044604329408,,0.8393509560730689,
IntegratedGradients,-0.5032796842541108,,0.8171419666322555,
GuidedGradCam,0.4038366061600017,,0.9172258151348853,
DeepLift,-0.47456670109294774,,0.8092640316812261,
InputXGradient,-0.4777665340085816,,0.7932039856538251,
Occlusion,-0.04140823221228205,,0.5031475061554064,
