,Faithfulness,Robustness,Complexity,Randomisation
Saliency,0.1912326075063666,,0.8393471377140798,
IntegratedGradients,0.35237690536855976,,0.9069223037638234,
GuidedGradCam,0.4038343033328984,,0.9172254996830783,
DeepLift,-0.4745668099524268,,0.8092640296206932,
InputXGradient,-0.47775305290679915,,0.7932043468036803,
Occlusion,-0.04140823221228205,,0.5031475061554064,
