,Faithfulness,Robustness,Complexity,Randomisation
Saliency,0.08663625677933041,,0.6848987087879207,
IntegratedGradients,0.020602909331088402,,0.8042518823201439,
GuidedGradCam,,,0.6922278619830927,
DeepLift,-0.23668051173626617,,0.6271285212379094,
InputXGradient,-0.20505702430380662,,0.6081635792462952,
Occlusion,-0.03069760331637518,,0.3364297707913595,
