{
    "training_history": {
        "train_loss": [
            3.5208340560688693,
            2.192583802167107,
            1.7536792755126953,
            1.4721437959110035,
            1.1491770860026864,
            1.0577980181750128,
            0.8989131422603831,
            0.6783155676196603,
            0.5504314412088955,
            0.5150262359310599,
            0.44346558469183306,
            0.4337272494154818,
            0.3858004804919748,
            0.3188933795427575,
            0.34258835463620285,
            0.2792701289715136,
            0.21695236754329766,
            0.22145802985657664,
            0.21976184566669604,
            0.19926200191326002,
            0.14153356728527475,
            0.2805005820906338,
            0.35331394808257327,
            0.26627186740584236,
            0.24575864935622496,
            0.17889446611790097,
            0.1913778590175378,
            0.17555645617711194,
            0.11710016375530839,
            0.13674815409433316,
            0.20789495099007207,
            0.16396422708845315,
            0.19955081648522002,
            0.1498685901217601,
            0.1703989520230714,
            0.2097442275899298,
            0.28236902057576707,
            0.2389955283033059,
            0.15033794844605247,
            0.11986579646519899,
            0.1171421031227938,
            0.1795435736859765,
            0.10286750544790078,
            0.09101188865885941,
            0.06474377746679184,
            0.1958483878214953,
            0.15563413182218724,
            0.22386686275713147,
            0.07021513111604316,
            0.19460775056389085
        ],
        "train_acc": [
            0.11555555555555555,
            0.11296296296296296,
            0.2581481481481481,
            0.3725925925925926,
            0.5314814814814814,
            0.5685185185185185,
            0.6462962962962963,
            0.7503703703703704,
            0.807037037037037,
            0.8296296296296296,
            0.86,
            0.8596296296296296,
            0.8762962962962964,
            0.9022222222222223,
            0.9,
            0.9207407407407407,
            0.9362962962962963,
            0.9351851851851852,
            0.9325925925925926,
            0.9388888888888889,
            0.9548148148148148,
            0.9185185185185185,
            0.9048148148148148,
            0.9248148148148149,
            0.9311111111111111,
            0.9481481481481482,
            0.9488888888888889,
            0.9518518518518518,
            0.9618518518518518,
            0.9581481481481482,
            0.9437037037037037,
            0.9537037037037037,
            0.9466666666666667,
            0.957037037037037,
            0.9533333333333334,
            0.9381481481481482,
            0.92,
            0.9359259259259259,
            0.9574074074074074,
            0.97,
            0.9644444444444444,
            0.957037037037037,
            0.9685185185185186,
            0.9766666666666667,
            0.9792592592592593,
            0.9548148148148148,
            0.9622222222222222,
            0.9474074074074074,
            0.9774074074074074,
            0.9488888888888889
        ],
        "val_loss": [
            2.2125718758024018,
            2.1968550435427963,
            1.6403076525392204,
            1.541669672933118,
            1.3014382267820424,
            0.888668744728483,
            0.8542053062340309,
            0.5674941940554257,
            0.7826415629222475,
            0.4876108606313837,
            0.4087361045952501,
            0.5389728474205938,
            0.43109080863410026,
            0.8650994922580391,
            0.4226639304181625,
            0.27648445450026415,
            0.36335147865887346,
            0.46146497027627353,
            0.32792567185543736,
            0.39835477337755004,
            0.23496079220083252,
            0.4617344706222929,
            0.31907742367736225,
            0.3070516348655882,
            0.4134335916103988,
            0.35244039420423834,
            0.5232230564258222,
            0.23874994300999317,
            0.3039380331234685,
            0.34779926241728765,
            0.570924953396978,
            0.9239513501524925,
            0.44550802866960393,
            0.35620603183734006,
            0.3095060395526475,
            0.5810809559349356,
            0.5887768849216658,
            0.43592357153779476,
            0.20694935893447236,
            0.1734033168197192,
            0.3483827648491695,
            0.34790252833145446,
            0.26348464815588346,
            0.32871467701223644,
            0.4174549340687949,
            0.3175859770833932,
            0.36325579710657996,
            0.5337942643532658,
            0.3641460408167592,
            0.33953571274619676
        ],
        "val_acc": [
            0.1111111111111111,
            0.15,
            0.31444444444444447,
            0.38,
            0.47333333333333333,
            0.6711111111111111,
            0.7011111111111111,
            0.8144444444444444,
            0.77,
            0.8266666666666667,
            0.8577777777777778,
            0.8311111111111111,
            0.8444444444444444,
            0.8266666666666667,
            0.8966666666666666,
            0.9244444444444444,
            0.8911111111111111,
            0.87,
            0.9355555555555556,
            0.8933333333333333,
            0.9411111111111111,
            0.8844444444444445,
            0.9122222222222223,
            0.93,
            0.8988888888888888,
            0.9122222222222223,
            0.9111111111111111,
            0.9377777777777778,
            0.9344444444444444,
            0.9322222222222222,
            0.8777777777777778,
            0.8888888888888888,
            0.9233333333333333,
            0.9344444444444444,
            0.9233333333333333,
            0.9,
            0.8677777777777778,
            0.9166666666666666,
            0.9466666666666667,
            0.9555555555555556,
            0.9288888888888889,
            0.9133333333333333,
            0.9477777777777778,
            0.9366666666666666,
            0.95,
            0.95,
            0.9288888888888889,
            0.9322222222222222,
            0.9433333333333334,
            0.93
        ]
    },
    "test_metrics": {
        "loss": 0.13243037468155622,
        "accuracy": 0.9622222222222222,
        "classification_report": "              precision    recall  f1-score   support\n\n           1       0.89      0.90      0.90       100\n           2       0.98      0.90      0.94       100\n           3       1.00      1.00      1.00       100\n           4       0.96      0.99      0.98       100\n           5       1.00      0.99      0.99       100\n           6       0.92      0.97      0.94       100\n           7       0.97      0.96      0.96       100\n           8       0.98      0.98      0.98       100\n           9       0.97      0.97      0.97       100\n\n    accuracy                           0.96       900\n   macro avg       0.96      0.96      0.96       900\nweighted avg       0.96      0.96      0.96       900\n"
    },
    "model_params": {
        "architecture": "AlexNet",
        "input_channels": 1,
        "num_classes": 10,
        "optimizer": "Adam",
        "learning_rate": 0.001,
        "batch_size": 32,
        "num_epochs": 50
    },
    "preprocessing_params": {
        "sr": 16000,
        "duration": 1.0,
        "n_mels_high": 128,
        "n_mels_low": 32,
        "time_steps_high": 128,
        "time_steps_low": 32
    },
    "timestamp": "2025-03-13_14-42-23"
}