,Faithfulness,Robustness,Complexity,Randomisation
Saliency,0.049378899521430895,,0.6293303494630601,
IntegratedGradients,0.6071389057448096,,0.916505677456906,
GuidedGradCam,,,0.479517599349138,
DeepLift,0.5427015790551045,,0.9210369299570025,
InputXGradient,0.7965630965227526,,0.9206368810868699,
Occlusion,0.19911955961190048,,0.8801035065980853,
