,Faithfulness,Robustness,Complexity,Randomisation
Saliency,-0.04955179504234883,,0.6293301142160161,
IntegratedGradients,0.6071376928009682,,0.9165057316404996,
GuidedGradCam,,,0.47951888117711083,
DeepLift,0.5427015985685424,,0.9210369278173866,
InputXGradient,0.7965598565385785,,0.9206369810493058,
Occlusion,0.19911955961190048,,0.8801035065980853,
