{
    "Saliency": {
        "Faithfulness": 0.049378899521430895,
        "Robustness": null,
        "Complexity": 0.6293303494630601,
        "Randomisation": null
    },
    "IntegratedGradients": {
        "Faithfulness": 0.6071389057448096,
        "Robustness": null,
        "Complexity": 0.916505677456906,
        "Randomisation": null
    },
    "GuidedGradCam": {
        "Faithfulness": NaN,
        "Robustness": null,
        "Complexity": 0.479517599349138,
        "Randomisation": null
    },
    "DeepLift": {
        "Faithfulness": 0.5427015790551045,
        "Robustness": null,
        "Complexity": 0.9210369299570025,
        "Randomisation": null
    },
    "InputXGradient": {
        "Faithfulness": 0.7965630965227526,
        "Robustness": null,
        "Complexity": 0.9206368810868699,
        "Randomisation": null
    },
    "Occlusion": {
        "Faithfulness": 0.19911955961190048,
        "Robustness": null,
        "Complexity": 0.8801035065980853,
        "Randomisation": null
    }
}