,Faithfulness,Robustness,Complexity,Randomisation
Saliency,0.07028547447406351,,0.6293288260577355,
IntegratedGradients,0.6071345261886322,,0.916505689839319,
GuidedGradCam,,,0.47951842956952295,
