,Faithfulness,Robustness,Complexity,Randomisation
Saliency,0.21624306423831102,,0.8393483443127857,
IntegratedGradients,-0.4479751572612703,,0.7961605879674161,
GuidedGradCam,0.4038346790104544,,0.9172268757159039,
DeepLift,-0.4745667063779146,,0.8092640331311047,
InputXGradient,-0.47779666121761427,,0.7932027345138664,
Occlusion,-0.04140823221228205,,0.5031475061554064,
