,Faithfulness,Robustness,Complexity,Randomisation
Saliency,0.1834937568021378,,0.8393480907014179,
IntegratedGradients,-0.5032838898066961,,0.817141895870457,
GuidedGradCam,0.4038303621834695,,0.9172273214637465,
DeepLift,-0.47456678917198347,,0.8092640222287342,
InputXGradient,-0.477775196357186,,0.793202947385677,
Occlusion,-0.04140823221228205,,0.5031475061554064,
