,Faithfulness,Robustness,Complexity,Randomisation
Saliency,0.2077092926627536,,0.6848987088263951,
IntegratedGradients,-0.21929612826677597,,0.6170469201458504,
GuidedGradCam,,,0.6922278636372082,
DeepLift,-0.23668051173626617,,0.6271285212379094,
InputXGradient,-0.2050570279439843,,0.6081635792058158,
Occlusion,-0.03069760331637518,,0.3364297707913595,
