{
    "Saliency": {
        "Faithfulness": 0.2077092926627536,
        "Robustness": null,
        "Complexity": 0.6848987088263951,
        "Randomisation": null
    },
    "IntegratedGradients": {
        "Faithfulness": -0.21929612826677597,
        "Robustness": null,
        "Complexity": 0.6170469201458504,
        "Randomisation": null
    },
    "GuidedGradCam": {
        "Faithfulness": NaN,
        "Robustness": null,
        "Complexity": 0.6922278636372082,
        "Randomisation": null
    },
    "DeepLift": {
        "Faithfulness": -0.23668051173626617,
        "Robustness": null,
        "Complexity": 0.6271285212379094,
        "Randomisation": null
    },
    "InputXGradient": {
        "Faithfulness": -0.2050570279439843,
        "Robustness": null,
        "Complexity": 0.6081635792058158,
        "Randomisation": null
    },
    "Occlusion": {
        "Faithfulness": -0.03069760331637518,
        "Robustness": null,
        "Complexity": 0.3364297707913595,
        "Randomisation": null
    }
}