{
    "Saliency": {
        "Faithfulness": -0.05169251125870269,
        "Robustness": null,
        "Complexity": 0.6293293098381453,
        "Randomisation": null
    },
    "IntegratedGradients": {
        "Faithfulness": 0.6071313227321569,
        "Robustness": null,
        "Complexity": 0.9165058056857187,
        "Randomisation": null
    },
    "GuidedGradCam": {
        "Faithfulness": NaN,
        "Robustness": null,
        "Complexity": 0.47951893563437037,
        "Randomisation": null
    },
    "DeepLift": {
        "Faithfulness": 0.5427015014181251,
        "Robustness": null,
        "Complexity": 0.9210369284016815,
        "Randomisation": null
    },
    "InputXGradient": {
        "Faithfulness": 0.7965582345512088,
        "Robustness": null,
        "Complexity": 0.9206372155048819,
        "Randomisation": null
    },
    "Occlusion": {
        "Faithfulness": 0.19911955961190048,
        "Robustness": null,
        "Complexity": 0.8801035065980853,
        "Randomisation": null
    }
}