,Faithfulness,Robustness,Complexity,Randomisation
Saliency,-0.05169251125870269,,0.6293293098381453,
IntegratedGradients,0.6071313227321569,,0.9165058056857187,
GuidedGradCam,,,0.47951893563437037,
DeepLift,0.5427015014181251,,0.9210369284016815,
InputXGradient,0.7965582345512088,,0.9206372155048819,
Occlusion,0.19911955961190048,,0.8801035065980853,
