,Faithfulness,Robustness,Complexity,Randomisation
Saliency,0.10896998142333529,,0.6848987087783689,
IntegratedGradients,-0.22064081648011186,,0.6073398499633081,
GuidedGradCam,,,0.6922278622316307,
DeepLift,-0.23668051173626617,,0.6271285212379094,
InputXGradient,-0.20505703656057322,,0.6081635792825942,
Occlusion,-0.03069760331637518,,0.3364297707913595,
